<wpml-config>
  <custom-types>
    <custom-type translate="1">testimonial</custom-type>
  </custom-types>
  <taxonomies>
    <taxonomy translate="1">acmthemes_sidebars</taxonomy>
    <taxonomy translate="1">authors</taxonomy>
  </taxonomies>
  <admin-texts>
    <key name="bookchoix_settings">
      <key name="last_tab"/>
      <key name="layout_style"/>
      <key name="boxed_body_bg_color"/>
      <key name="enable_boxed_shadow"/>
      <key name="body_font_style">
        <key name="font-family"/>
        <key name="font-options"/>
        <key name="google"/>
        <key name="font-backup"/>
        <key name="font-weight"/>
        <key name="font-style"/>
        <key name="subsets"/>
        <key name="font-size"/>
        <key name="line-height"/>
      </key>
      <key name="body_font_color"/>
      <key name="disable_scroll_top"/>
      <key name="scroll_top_position"/>
      <key name="page_layout"/>
      <key name="enable_page_header"/>
      <key name="page_header_bg_color"/>
      <key name="page_header_text_color"/>
      <key name="page_header_link_color"/>
      <key name="page_header_link_hover_color"/>
      <key name="show_header_breadcrumb"/>
      <key name="breadcrumb_home"/>
      <key name="show_topbar"/>
      <key name="fullwidth_topbar"/>
      <key name="topbar_bg_color"/>
      <key name="topbar_text_color"/>
      <key name="topbar_link_color">
        <key name="regular"/>
        <key name="hover"/>
        <key name="active"/>
      </key>
      <key name="topbar_icons_color"/>
      <key name="topbar_icons_hover_color"/>
      <key name="topbar_elements_order">
        <key name="topbar_social"/>
        <key name="topbar_custom_content"/>
        <key name="topbar_nav"/>
      </key>
      <key name="topbar_custom_content"/>
      <key name="header_style"/>
      <key name="full_screen_header_logo">
        <key name="url"/>
        <key name="id"/>
        <key name="height"/>
        <key name="width"/>
        <key name="thumbnail"/>
        <key name="title"/>
        <key name="caption"/>
        <key name="alt"/>
        <key name="description"/>
      </key>
      <key name="full_screen_header_retina_logo">
        <key name="url"/>
        <key name="id"/>
        <key name="height"/>
        <key name="width"/>
        <key name="thumbnail"/>
        <key name="title"/>
        <key name="caption"/>
        <key name="alt"/>
        <key name="description"/>
      </key>
      <key name="mob_screen_header_logo">
        <key name="url"/>
        <key name="id"/>
        <key name="height"/>
        <key name="width"/>
        <key name="thumbnail"/>
        <key name="title"/>
        <key name="caption"/>
        <key name="alt"/>
        <key name="description"/>
      </key>
      <key name="header_bg_color"/>
      <key name="header_sticky_bg_color"/>
      <key name="site_favicon">
        <key name="url"/>
        <key name="id"/>
        <key name="height"/>
        <key name="width"/>
        <key name="thumbnail"/>
        <key name="title"/>
        <key name="caption"/>
        <key name="alt"/>
        <key name="description"/>
      </key>
      <key name="header_search_type"/>
      <key name="header_style2_right_content"/>
      <key name="main_menu_fonts">
        <key name="font-family"/>
        <key name="font-options"/>
        <key name="google"/>
        <key name="font-backup"/>
        <key name="font-weight"/>
        <key name="font-style"/>
        <key name="subsets"/>
        <key name="font-size"/>
        <key name="line-height"/>
      </key>
      <key name="parent_menu_typecase"/>
      <key name="megamenu_heading_typecase"/>
      <key name="menu_link_colors">
        <key name="regular"/>
        <key name="hover"/>
      </key>
      <key name="top_menu_border_color"/>
      <key name="menu_label_color"/>
      <key name="menu_label_text_color"/>
      <key name="sub_menu_bg_color"/>
      <key name="sub_menu_border_color"/>
      <key name="sub_menu_color"/>
      <key name="sub_menu_hover_color"/>
      <key name="enable_search_on_menu"/>
      <key name="show_mobile_search"/>
      <key name="show_woo_menu_icon_desktop"/>
      <key name="show_shop_header"/>
      <key name="shop_layout"/>
      <key name="shop_showcase_type"/>
      <key name="disable_sale_badge_ingrid"/>
      <key name="enable_product_title_text_wrap"/>
      <key name="show_author_link_single_product"/>
      <key name="shop_products_count"/>
      <key name="shop_product_columns"/>
      <key name="disable_related_items"/>
      <key name="shop_products_related_count"/>
      <key name="shop_products_related_count_per_row"/>
      <key name="show_upsell_sell"/>
      <key name="show_cross_sell"/>
      <key name="shop_grid_list"/>
      <key name="woo_category_header"/>
      <key name="shop_view_pr_count"/>
      <key name="prod_grid_img_size"/>
      <key name="prod_grid_text_color"/>
      <key name="prod_grid_title_color"/>
      <key name="prod_grid_category_color"/>
      <key name="prod_grid_price_color"/>
      <key name="product_sale_bg_color"/>
      <key name="catalog_quick_view"/>
      <key name="yith_wish_list"/>
      <key name="submit_btn_bg_color"/>
      <key name="submit_btn_text_color"/>
      <key name="submit_btn_hover_bg_color"/>
      <key name="submit_btn_hover_text_color"/>
      <key name="product_btn_type"/>
      <key name="product_btn_bg_color"/>
      <key name="product_btn_icon_color"/>
      <key name="product_btn_hover_color"/>
      <key name="product_btn_icon_hover_color"/>
      <key name="product_sale_text_color"/>
      <key name="viewcart_btn_border_color"/>
      <key name="viewcart_btn_text_color"/>
      <key name="viewcart_btn_hover_border_color"/>
      <key name="viewcart_btn_hover_text_color"/>
      <key name="chkout_btn_bg_color"/>
      <key name="chkout_btn_text_color"/>
      <key name="chkout_btn_hover_bg_color"/>
      <key name="chkout_btn_hover_text_color"/>
      <key name="blog_layout"/>
      <key name="blog_col_layout"/>
      <key name="posts_per_page_on_search"/>
      <key name="show_author_bio"/>
      <key name="blog_excerpt_length"/>
      <key name="blog_header_title"/>
      <key name="related_blog_posts_count"/>
      <key name="related_blog_posts_cols"/>
      <key name="footer_columns"/>
      <key name="footer_top_padding"/>
      <key name="footer_btm_padding"/>
      <key name="footer_bg_color"/>
      <key name="footer_typography">
        <key name="font-family"/>
        <key name="font-options"/>
        <key name="google"/>
        <key name="font-backup"/>
        <key name="font-weight"/>
        <key name="font-style"/>
        <key name="subsets"/>
        <key name="font-size"/>
        <key name="line-height"/>
      </key>
      <key name="footer_text_color"/>
      <key name="footer_link_color">
        <key name="regular"/>
        <key name="hover"/>
      </key>
      <key name="footer_bottom_bg_color"/>
      <key name="footer_heading_color"/>
      <key name="footer_bottom_text_color"/>
      <key name="footer_bottom_link_color">
        <key name="regular"/>
        <key name="hover"/>
      </key>
      <key name="footer_copyright_text"/>
      <key name="prod_grid_enable_matchheight"/>
      <key name="author_grid_matchheight"/>
      <key name="topbar_social_dribbble"/>
      <key name="topbar_social_email"/>
      <key name="topbar_social_facebook"/>
      <key name="topbar_social_github"/>
      <key name="topbar_social_instagram"/>
      <key name="topbar_social_linkedin"/>
      <key name="topbar_social_pinterest"/>
      <key name="topbar_social_rss"/>
      <key name="topbar_social_skype"/>
      <key name="topbar_social_twitter"/>
      <key name="topbar_social_youtube"/>
      <key name="topbar_social_vimeo"/>
      <key name="error_image">
        <key name="url"/>
        <key name="id"/>
        <key name="height"/>
        <key name="width"/>
        <key name="thumbnail"/>
        <key name="title"/>
        <key name="caption"/>
        <key name="alt"/>
        <key name="description"/>
      </key>
      <key name="error404-title"/>
      <key name="error404-desc"/>
      <key name="mobile_menu_toggle_icon_color"/>
      <key name="mobile_menu_bg_color"/>
      <key name="mobile_menu_text_color"/>
      <key name="mobile_menu_fonts">
        <key name="font-family"/>
        <key name="font-options"/>
        <key name="google"/>
        <key name="font-backup"/>
        <key name="font-weight"/>
        <key name="font-style"/>
        <key name="subsets"/>
        <key name="text-align"/>
        <key name="font-size"/>
      </key>
      <key name="mobile_link_colors">
        <key name="regular"/>
        <key name="hover"/>
        <key name="active"/>
      </key>
      <key name="bookchoix_custom_css"/>
      <key name="multi_col_blog_excerpt_length"/>
    </key>
  </admin-texts>
</wpml-config>